Frag,0,8,1534,1542,f,0,1534,0,0,0.00,0.00,0,206158430256
Frag,1535,1543,2644,2652,f,0,1109,1,0,0.00,0.00,0,206158430256
Frag,2645,2653,4804,4813,f,0,2159,0,0,0.00,0.00,0,206158430256
Frag,4805,4814,5992,5995,f,0,1187,1,0,0.00,0.00,0,206158430256
Frag,5993,5996,8115,8118,f,0,2122,0,0,0.00,0.00,0,206158430256
Frag,8116,8119,8985,8988,f,0,869,1,0,0.00,0.00,0,206158430256
Frag,8987,8990,9331,9334,f,0,344,1,0,0.00,0.00,0,206158430256
Frag,9315,9318,10316,10319,f,0,1001,1,0,0.00,0.00,0,206158430256
Frag,10317,10320,13398,15126,f,0,3081,0,0,0.00,0.00,0,206158430256
Frag,13399,15127,15003,16731,f,0,1604,1,0,0.00,0.00,0,206158430256
Frag,14996,16724,16984,18712,f,0,1988,1,0,0.00,0.00,0,206158430256
Frag,16984,18712,17961,19689,f,0,977,1,0,0.00,0.00,0,206158430256
Frag,17962,19690,24788,23472,f,0,6826,0,0,0.00,0.00,0,206158430256
Frag,24789,23473,25694,24378,f,0,905,1,0,0.00,0.00,0,206158430256
Frag,25696,24381,26595,25280,f,0,899,1,0,0.00,0.00,0,206158430256
Frag,26596,25281,26756,25443,f,0,160,0,0,0.00,0.00,0,206158430256
Frag,26757,25444,27581,26274,f,0,824,1,0,0.00,0.00,0,206158430256
Frag,27582,26275,36898,35620,f,0,9316,0,0,0.00,0.00,0,206158430256
Frag,36899,35621,37984,36706,f,0,1085,1,0,0.00,0.00,0,206158430256
Frag,37985,36707,37992,36714,f,0,7,0,0,0.00,0.00,0,206158430256
Frag,37993,36715,40944,39666,f,0,2951,1,0,0.00,0.00,0,206158430256
Frag,40945,39667,51408,52939,f,0,10463,0,0,0.00,0.00,0,206158430256
Frag,51409,52940,52650,54181,f,0,1241,1,0,0.00,0.00,0,206158430256
Frag,52651,54182,54175,55707,f,0,1524,0,0,0.00,0.00,0,206158430256
Frag,54176,55708,54412,55944,f,0,236,1,0,0.00,0.00,0,206158430256
Frag,54413,55945,54417,55949,f,0,4,0,0,0.00,0.00,0,206158430256
Frag,54418,55950,55017,56549,f,0,599,1,0,0.00,0.00,0,206158430256
Frag,55018,56550,56372,60555,f,0,1354,0,0,0.00,0.00,0,206158430256
Frag,56373,60556,57095,61278,f,0,722,1,0,0.00,0.00,0,206158430256
Frag,57095,61278,57643,61829,f,0,548,1,0,0.00,0.00,0,206158430256
Frag,57644,61830,59824,66039,f,0,2180,0,0,0.00,0.00,0,206158430256
Frag,59825,66040,60823,67038,f,0,998,1,0,0.00,0.00,0,206158430256
Frag,60824,67039,60838,67052,f,0,14,0,0,0.00,0.00,0,206158430256
Frag,60839,67053,61627,67841,f,0,788,1,0,0.00,0.00,0,206158430256
Frag,61620,67834,62381,68595,f,0,761,1,0,0.00,0.00,0,206158430256
Frag,62382,68596,64555,70775,f,0,2173,0,0,0.00,0.00,0,206158430256
Frag,64556,70776,65566,71786,f,0,1010,1,0,0.00,0.00,0,206158430256
Frag,65567,71787,67020,73250,f,0,1453,0,0,0.00,0.00,0,206158430256
Frag,67021,73251,68052,74282,f,0,1031,1,0,0.00,0.00,0,206158430256
Frag,68053,74283,68384,74592,f,0,331,0,0,0.00,0.00,0,206158430256
Frag,68385,74593,68534,74742,f,0,149,1,0,0.00,0.00,0,206158430256
Frag,68535,74743,68547,74755,f,0,12,0,0,0.00,0.00,0,206158430256
Frag,68548,74756,68871,75079,f,0,323,1,0,0.00,0.00,0,206158430256
Frag,68872,75080,68885,75092,f,0,13,0,0,0.00,0.00,0,206158430256
Frag,68886,75093,71033,77258,f,0,2147,1,0,0.00,0.00,0,206158430256
Frag,71034,77259,71188,77413,f,0,154,0,0,0.00,0.00,0,206158430256
Frag,71189,77414,72169,78394,f,0,980,1,0,0.00,0.00,0,206158430256
Frag,72170,78395,72171,78397,f,0,1,0,0,0.00,0.00,0,206158430256
Frag,72172,78398,72993,79219,f,0,821,1,0,0.00,0.00,0,206158430256
Frag,72994,79220,73811,80059,f,0,817,0,0,0.00,0.00,0,206158430256
Frag,73812,80060,74792,81040,f,0,980,1,0,0.00,0.00,0,206158430256
Frag,74793,81041,74918,81164,f,0,125,0,0,0.00,0.00,0,206158430256
Frag,74919,81165,79298,85541,f,0,4379,1,0,0.00,0.00,0,206158430256
Frag,79299,85542,79707,85945,f,0,408,0,0,0.00,0.00,0,206158430256
Frag,79708,85946,80922,87169,f,0,1214,1,0,0.00,0.00,0,206158430256
Frag,80922,87159,81887,88124,f,0,965,1,0,0.00,0.00,0,206158430256
Frag,81877,88114,82536,88773,f,0,659,1,0,0.00,0.00,0,206158430256
Frag,82538,88775,84718,90961,f,0,2180,1,0,0.00,0.00,0,206158430256
Frag,84719,90962,84726,90970,f,0,7,0,0,0.00,0.00,0,206158430256
Frag,84727,90971,85992,92236,f,0,1265,1,0,0.00,0.00,0,206158430256
Frag,85993,92237,86001,92245,f,0,8,0,0,0.00,0.00,0,206158430256
Frag,86002,92246,86961,93217,f,0,959,1,0,0.00,0.00,0,206158430256
Frag,86965,93210,88125,94370,f,0,1160,1,0,0.00,0.00,0,206158430256
Frag,88126,94371,88150,94395,f,0,24,0,0,0.00,0.00,0,206158430256
Frag,88151,94396,88543,94788,f,0,392,1,0,0.00,0.00,0,206158430256
Frag,88533,94778,89780,96025,f,0,1247,1,0,0.00,0.00,0,206158430256
Frag,89781,96026,89786,96030,f,0,5,0,0,0.00,0.00,0,206158430256
Frag,89787,96031,90881,97125,f,0,1094,1,0,0.00,0.00,0,206158430256
Frag,90896,97113,91636,97880,f,0,740,1,0,0.00,0.00,0,206158430256
Frag,91637,97881,93112,99354,f,0,1475,0,0,0.00,0.00,0,206158430256
Frag,93113,99355,93988,100230,f,0,875,1,0,0.00,0.00,0,206158430256
Frag,93989,100231,94763,100998,f,0,774,0,0,0.00,0.00,0,206158430256
Frag,94764,100999,95234,101469,f,0,470,1,0,0.00,0.00,0,206158430256
Frag,95234,101469,95929,102164,f,0,695,1,0,0.00,0.00,0,206158430256
Frag,95930,102165,98208,104993,f,0,2278,0,0,0.00,0.00,0,206158430256
Frag,98209,104994,98742,105527,f,0,533,1,0,0.00,0.00,0,206158430256
Frag,98743,105528,99697,106485,f,0,954,0,0,0.00,0.00,0,206158430256
Frag,99698,106486,100558,107346,f,0,860,1,0,0.00,0.00,0,206158430256
Frag,100559,107347,101111,107901,f,0,552,0,0,0.00,0.00,0,206158430256
Frag,101112,107902,102074,108864,f,0,962,1,0,0.00,0.00,0,206158430256
Frag,102067,108857,103050,109840,f,0,983,1,0,0.00,0.00,0,206158430256
Frag,103052,109842,103975,110765,f,0,923,1,0,0.00,0.00,0,206158430256
Frag,103976,110766,104981,111779,f,0,1005,0,0,0.00,0.00,0,206158430256
Frag,104982,111780,106073,112871,f,0,1091,1,0,0.00,0.00,0,206158430256
Frag,106074,112872,106108,112907,f,0,34,0,0,0.00,0.00,0,206158430256
Frag,106109,112908,107095,113894,f,0,986,1,0,0.00,0.00,0,206158430256
Frag,107096,113895,107458,114247,f,0,362,0,0,0.00,0.00,0,206158430256
Frag,107459,114248,108193,114982,f,0,734,1,0,0.00,0.00,0,206158430256
Frag,108195,114984,109820,116597,f,0,1625,1,0,0.00,0.00,0,206158430256
Frag,109821,116598,110013,116778,f,0,192,0,0,0.00,0.00,0,206158430256
Frag,110014,116779,110220,116985,f,0,206,1,0,0.00,0.00,0,206158430256
Frag,110221,116986,126016,132798,f,0,15795,0,0,0.00,0.00,0,206158430256
Frag,126017,132799,126463,133245,f,0,446,1,0,0.00,0.00,0,206158430256
Frag,126464,133246,129068,135850,f,0,2604,0,0,0.00,0.00,0,206158430256
Frag,129069,135851,129527,136309,f,0,458,1,0,0.00,0.00,0,206158430256
Frag,129527,136312,129922,136707,f,0,395,1,0,0.00,0.00,0,206158430256
Frag,129923,136708,129933,136718,f,0,10,0,0,0.00,0.00,0,206158430256
Frag,129934,136719,130806,137591,f,0,872,1,0,0.00,0.00,0,206158430256
Frag,130807,137592,130840,137624,f,0,33,0,0,0.00,0.00,0,206158430256
Frag,130841,137625,131893,138674,f,0,1052,1,0,0.00,0.00,0,206158430256
Frag,131894,138675,132009,138791,f,0,115,0,0,0.00,0.00,0,206158430256
Frag,132010,138792,133446,140228,f,0,1436,1,0,0.00,0.00,0,206158430256
Frag,133447,140229,136794,143565,f,0,3347,0,0,0.00,0.00,0,206158430256
Frag,136795,143566,139182,145953,f,0,2387,1,0,0.00,0.00,0,206158430256
Frag,139183,145954,139242,146011,f,0,59,0,0,0.00,0.00,0,206158430256
Frag,139243,146012,141081,147853,f,0,1838,1,0,0.00,0.00,0,206158430256
Frag,141342,146012,142754,147853,f,0,1412,1,0,0.00,0.00,0,206158430256
Frag,142738,149512,143574,150348,f,0,836,1,0,0.00,0.00,0,206158430256
Frag,143567,150341,144460,151234,f,0,893,1,0,0.00,0.00,0,206158430256
Frag,144461,151235,146571,153346,f,0,2110,0,0,0.00,0.00,0,206158430256
Frag,146572,153347,146772,153547,f,0,200,1,0,0.00,0.00,0,206158430256
Frag,146773,153548,156196,168445,f,0,9423,0,0,0.00,0.00,0,206158430256
Frag,156197,168446,158686,170935,f,0,2489,1,0,0.00,0.00,0,206158430256
Frag,158687,170936,158688,170937,f,0,1,0,0,0.00,0.00,0,206158430256
Frag,158689,170938,159549,171798,f,0,860,1,0,0.00,0.00,0,206158430256
Frag,159550,171799,159648,171897,f,0,98,0,0,0.00,0.00,0,206158430256
Frag,159649,171898,160605,172854,f,0,956,1,0,0.00,0.00,0,206158430256
Frag,160606,172855,160608,172857,f,0,2,0,0,0.00,0.00,0,206158430256
Frag,160609,172858,161802,174051,f,0,1193,1,0,0.00,0.00,0,206158430256
Frag,161803,174052,161809,174062,f,0,6,0,0,0.00,0.00,0,206158430256
Frag,161810,174063,162232,174485,f,0,422,1,0,0.00,0.00,0,206158430256
Frag,162232,174485,162816,175066,f,0,584,1,0,0.00,0.00,0,206158430256
Frag,162817,175067,164474,176733,f,0,1657,0,0,0.00,0.00,0,206158430256
Frag,164475,176734,165911,178170,f,0,1436,1,0,0.00,0.00,0,206158430256
Frag,165912,178171,171148,183292,f,0,5236,0,0,0.00,0.00,0,206158430256
Frag,171149,183293,172138,184282,f,0,989,1,0,0.00,0.00,0,206158430256
Frag,172139,184283,172891,185035,f,0,752,0,0,0.00,0.00,0,206158430256
Frag,174172,198040,174566,197646,r,0,394,0,0,0.00,0.00,0,227633266741
Frag,175013,187680,179258,195394,f,0,4245,0,0,0.00,0.00,0,249108103226
Frag,179259,195395,180761,196900,f,0,1502,1,0,0.00,0.00,0,249108103226
Frag,180762,196901,190192,207120,f,0,9430,0,0,0.00,0.00,0,249108103226
Frag,194304,780328,194480,780152,r,0,176,0,0,0.00,0.00,0,270582939711
Frag,191043,788371,191472,787943,r,0,917,1,0,0.00,0.00,0,292057776196
Frag,191474,787941,194407,785008,r,0,2933,1,0,0.00,0.00,0,292057776196
Frag,194408,785007,194607,784807,r,0,199,0,0,0.00,0.00,0,292057776196
Frag,203951,769900,209264,764570,r,0,5313,0,0,0.00,0.00,0,313532612681
Frag,209265,764569,209813,764021,r,0,548,1,0,0.00,0.00,0,313532612681
Frag,209814,764020,209881,763954,r,0,67,0,0,0.00,0.00,0,313532612681
Frag,209882,763953,210445,763393,r,0,563,1,0,0.00,0.00,0,313532612681
Frag,210446,763392,210454,763381,r,0,8,0,0,0.00,0.00,0,313532612681
Frag,210455,763380,211873,761983,r,0,1418,1,0,0.00,0.00,0,313532612681
Frag,211874,761982,213405,760450,r,0,1531,0,0,0.00,0.00,0,313532612681
Frag,212251,976768,213874,978409,f,0,1623,0,0,0.00,0.00,0,335007449166
Frag,214654,759202,216504,757353,r,0,2585,1,0,0.00,0.00,0,356482285651
Frag,216505,757352,217578,754304,r,0,1073,0,0,0.00,0.00,0,356482285651
Frag,217579,754303,218295,753587,r,0,716,1,0,0.00,0.00,0,356482285651
Frag,218296,753586,220047,749070,r,0,1751,0,0,0.00,0.00,0,356482285651
Frag,220048,749069,221034,748083,r,0,986,1,0,0.00,0.00,0,356482285651
Frag,221035,748082,226018,743937,r,0,4983,0,0,0.00,0.00,0,356482285651
Frag,226019,743936,227965,741990,r,0,1946,1,0,0.00,0.00,0,356482285651
Frag,227966,741989,228028,741928,r,0,62,0,0,0.00,0.00,0,356482285651
Frag,228029,741927,228583,741373,r,0,554,1,0,0.00,0.00,0,356482285651
Frag,228584,741372,228660,741295,r,0,76,0,0,0.00,0.00,0,356482285651
Frag,228661,741294,228930,741025,r,0,269,1,0,0.00,0.00,0,356482285651
Frag,228931,741024,234495,735453,r,0,5564,0,0,0.00,0.00,0,356482285651
Frag,234496,735452,234648,735300,r,0,152,1,0,0.00,0.00,0,356482285651
Frag,234649,735299,235126,734835,r,0,477,0,0,0.00,0.00,0,356482285651
Frag,235127,734834,235615,734349,r,0,488,1,0,0.00,0.00,0,356482285651
Frag,235616,734348,237324,732653,r,0,1708,0,0,0.00,0.00,0,356482285651
Frag,237325,732652,238872,731102,r,0,1547,1,0,0.00,0.00,0,356482285651
Frag,238873,731101,238875,731100,r,0,2,0,0,0.00,0.00,0,356482285651
Frag,238876,731099,239661,730293,r,0,785,1,0,0.00,0.00,0,356482285651
Frag,239682,730293,241871,728104,r,0,2189,1,0,0.00,0.00,0,356482285651
Frag,241872,728103,241873,728102,r,0,1,0,0,0.00,0.00,0,356482285651
Frag,241874,728101,242116,727859,r,0,242,1,0,0.00,0.00,0,356482285651
Frag,242117,727858,242439,725842,r,0,322,0,0,0.00,0.00,0,356482285651
Frag,242440,725841,243027,725254,r,0,587,1,0,0.00,0.00,0,356482285651
Frag,243028,725253,243032,725249,r,0,4,0,0,0.00,0.00,0,356482285651
Frag,243033,725248,243785,724496,r,0,752,1,0,0.00,0.00,0,356482285651
Frag,243786,724495,243808,724479,r,0,22,0,0,0.00,0.00,0,356482285651
Frag,243809,724478,244804,723480,r,0,995,1,0,0.00,0.00,0,356482285651
Frag,244805,723479,244814,723469,r,0,9,0,0,0.00,0.00,0,356482285651
Frag,244815,723468,245660,722623,r,0,845,1,0,0.00,0.00,0,356482285651
Frag,245647,722636,246309,721974,r,0,662,1,0,0.00,0.00,0,356482285651
Frag,246310,721973,251496,702265,r,0,5186,0,0,0.00,0.00,0,356482285651
Frag,251497,702264,253116,700645,r,0,1619,1,0,0.00,0.00,0,356482285651
Frag,253117,700644,256039,697726,r,0,2922,0,0,0.00,0.00,0,356482285651
Frag,256040,697725,256771,697015,r,0,731,1,0,0.00,0.00,0,356482285651
Frag,256772,697014,259750,694012,r,0,2978,0,0,0.00,0.00,0,356482285651
Frag,259751,694011,260347,693415,r,0,596,1,0,0.00,0.00,0,356482285651
Frag,260328,693434,261290,692472,r,0,962,1,0,0.00,0.00,0,356482285651
Frag,261291,692471,263766,689999,r,0,2475,0,0,0.00,0.00,0,356482285651
Frag,263767,689998,264633,689132,r,0,866,1,0,0.00,0.00,0,356482285651
Frag,264626,689139,265468,688297,r,0,842,1,0,0.00,0.00,0,356482285651
Frag,265469,688296,266479,687288,r,0,1010,0,0,0.00,0.00,0,356482285651
Frag,266480,687287,266746,687021,r,0,266,1,0,0.00,0.00,0,356482285651
Frag,266747,687020,266862,686904,r,0,115,0,0,0.00,0.00,0,356482285651
Frag,269559,874348,269879,874028,r,0,320,0,0,0.00,0.00,0,373662154840
Frag,271705,682070,274211,677626,r,0,2506,0,0,0.00,0.00,0,395136991325
Frag,274212,677625,276212,675625,r,0,2000,1,0,0.00,0.00,0,395136991325
Frag,276193,675644,276648,675189,r,0,455,1,0,0.00,0.00,0,395136991325
Frag,276638,675199,278113,673724,r,0,1475,1,0,0.00,0.00,0,395136991325
Frag,278114,673723,284023,667317,r,0,5909,0,0,0.00,0.00,0,395136991325
Frag,284024,667316,284302,667017,r,0,278,1,0,0.00,0.00,0,395136991325
Frag,284303,667016,288314,659488,r,0,4011,0,0,0.00,0.00,0,395136991325
Frag,288315,659487,289748,658048,r,0,1433,1,0,0.00,0.00,0,395136991325
Frag,289749,658047,299793,647565,r,0,10044,0,0,0.00,0.00,0,395136991325
Frag,299794,647564,300747,646611,r,0,953,1,0,0.00,0.00,0,395136991325
Frag,300748,646610,300799,646562,r,0,51,0,0,0.00,0.00,0,395136991325
Frag,300800,646561,301696,645665,r,0,896,1,0,0.00,0.00,0,395136991325
Frag,301697,645664,306744,640627,r,0,5047,0,0,0.00,0.00,0,395136991325
Frag,306745,640626,308274,639097,r,0,1529,1,0,0.00,0.00,0,395136991325
Frag,308267,639104,310204,637164,r,0,1937,1,0,0.00,0.00,0,395136991325
Frag,310205,637163,310245,637123,r,0,40,0,0,0.00,0.00,0,395136991325
Frag,310246,637122,311622,635746,r,0,1376,1,0,0.00,0.00,0,395136991325
Frag,311623,635745,311735,635635,r,0,112,0,0,0.00,0.00,0,395136991325
Frag,311736,635634,313553,633844,r,0,1817,1,0,0.00,0.00,0,395136991325
Frag,313989,635634,315305,633844,r,0,1316,1,0,0.00,0.00,0,395136991325
Frag,315306,633843,316179,631140,r,0,873,0,0,0.00,0.00,0,395136991325
Frag,316180,631139,317931,629388,r,0,1751,1,0,0.00,0.00,0,395136991325
Frag,317932,629387,318333,628956,r,0,401,0,0,0.00,0.00,0,395136991325
Frag,318334,628955,320847,626442,r,0,2513,1,0,0.00,0.00,0,395136991325
Frag,320848,626441,321090,626200,r,0,242,0,0,0.00,0.00,0,395136991325
Frag,321091,626199,322137,625153,r,0,1046,1,0,0.00,0.00,0,395136991325
Frag,322138,625152,322285,625009,r,0,147,0,0,0.00,0.00,0,395136991325
Frag,322286,625008,324127,623167,r,0,1841,1,0,0.00,0.00,0,395136991325
Frag,324128,623166,324490,622788,r,0,362,0,0,0.00,0.00,0,395136991325
Frag,324491,622787,324928,622350,r,0,437,1,0,0.00,0.00,0,395136991325
Frag,324929,622349,324965,622309,r,0,36,0,0,0.00,0.00,0,395136991325
Frag,324966,622308,325364,621910,r,0,398,1,0,0.00,0.00,0,395136991325
Frag,325365,621909,325382,621891,r,0,17,0,0,0.00,0.00,0,395136991325
Frag,325383,621890,325706,621564,r,0,323,1,0,0.00,0.00,0,395136991325
Frag,325707,621563,325711,621561,r,0,4,0,0,0.00,0.00,0,395136991325
Frag,325798,416095,326690,416987,f,0,892,0,0,0.00,0.00,0,416611828108
Frag,326691,416988,327878,418175,f,0,1187,1,0,0.00,0.00,0,416611828108
Frag,327879,418176,345365,435628,f,0,17486,0,0,0.00,0.00,0,416611828108
Frag,349833,513703,351033,514909,f,0,1574,1,0,0.00,0.00,0,438086664583
Frag,351033,515818,352332,517165,f,0,1379,1,0,0.00,0.00,0,438086664583
Frag,352427,442691,358516,448925,f,0,6089,0,0,0.00,0.00,0,459561501058
Frag,358517,448926,360721,451130,f,0,2204,1,0,0.00,0.00,0,459561501058
Frag,360722,451131,361416,451824,f,0,694,0,0,0.00,0.00,0,459561501058
Frag,361417,451825,362421,452829,f,0,1004,1,0,0.00,0.00,0,459561501058
Frag,362422,452830,362430,452838,f,0,8,0,0,0.00,0.00,0,459561501058
Frag,362431,452839,363789,454197,f,0,1358,1,0,0.00,0.00,0,459561501058
Frag,363790,454198,365977,456376,f,0,2187,0,0,0.00,0.00,0,459561501058
Frag,365978,456377,367441,457837,f,0,1463,1,0,0.00,0.00,0,459561501058
Frag,367442,457838,367829,458227,f,0,387,0,0,0.00,0.00,0,459561501058
Frag,367830,458228,368393,458791,f,0,563,1,0,0.00,0.00,0,459561501058
Frag,368394,458792,373471,463851,f,0,5077,0,0,0.00,0.00,0,459561501058
Frag,373469,463853,373585,463969,f,0,116,0,0,0.00,0.00,0,476741370238
Frag,373596,491056,374885,492432,f,0,1955,1,0,0.00,0.00,0,498216206712
Frag,375165,465554,375569,465950,f,0,404,0,0,0.00,0.00,0,519691043187
Frag,375570,465951,376499,466880,f,0,929,1,0,0.00,0.00,0,519691043187
Frag,376500,466881,376587,466969,f,0,87,0,0,0.00,0.00,0,519691043187
Frag,376588,466970,376863,467245,f,0,275,1,0,0.00,0.00,0,519691043187
Frag,376847,467229,377686,468068,f,0,839,1,0,0.00,0.00,0,519691043187
Frag,377687,468069,380232,470627,f,0,2545,0,0,0.00,0.00,0,519691043187
Frag,380233,470628,380580,470960,f,0,347,1,0,0.00,0.00,0,519691043187
Frag,380581,470961,380728,471097,f,0,147,0,0,0.00,0.00,0,519691043187
Frag,380729,471098,382093,472462,f,0,1364,1,0,0.00,0.00,0,519691043187
Frag,382094,472463,382491,474521,f,0,397,0,0,0.00,0.00,0,519691043187
Frag,382492,474522,383682,475712,f,0,1190,1,0,0.00,0.00,0,519691043187
Frag,383878,474522,384282,475712,f,0,404,1,0,0.00,0.00,0,519691043187
Frag,384282,474522,384839,475712,f,0,557,1,0,0.00,0.00,0,519691043187
Frag,384840,475713,386289,479737,f,0,1449,0,0,0.00,0.00,0,519691043187
Frag,388392,481630,388569,481809,f,0,177,0,0,0.00,0.00,0,541165879662
Frag,395446,480985,395645,481177,f,0,199,0,0,0.00,0.00,0,562640716137
Frag,395646,481178,396017,481549,f,0,371,1,0,0.00,0.00,0,562640716137
Frag,396018,481550,396024,481556,f,0,6,0,0,0.00,0.00,0,562640716137
Frag,396103,894468,397171,895537,f,0,1068,0,0,0.00,0.00,0,584115552612
Frag,397368,211180,397592,210889,r,0,299,1,0,0.00,0.00,0,605590389087
Frag,397804,551088,398230,551514,f,0,446,1,0,0.00,0.00,0,627065225562
Frag,398231,551515,398247,551531,f,0,16,0,0,0.00,0.00,0,627065225562
Frag,405369,503111,406272,504013,f,0,903,0,0,0.00,0.00,0,648540062037
Frag,406273,504014,407268,505009,f,0,995,1,0,0.00,0.00,0,648540062037
Frag,407269,505010,407275,505016,f,0,6,0,0,0.00,0.00,0,648540062037
Frag,407276,505017,409024,506765,f,0,1748,1,0,0.00,0.00,0,648540062037
Frag,409025,506766,412584,508864,f,0,3559,0,0,0.00,0.00,0,648540062037
Frag,417422,440095,417945,440612,f,0,523,0,0,0.00,0.00,0,670014898512
Frag,419520,515799,419538,515817,f,0,18,0,0,0.00,0.00,0,691489734987
Frag,419539,515818,421002,517281,f,0,1463,1,0,0.00,0.00,0,691489734987
Frag,421003,517282,421016,517296,f,0,13,0,0,0.00,0.00,0,691489734987
Frag,421017,517297,421430,517710,f,0,413,1,0,0.00,0.00,0,691489734987
Frag,421431,517711,421552,517845,f,0,121,0,0,0.00,0.00,0,691489734987
Frag,421553,517846,422418,518711,f,0,914,1,0,0.00,0.00,0,691489734987
Frag,425191,552427,425371,552607,f,0,180,0,0,0.00,0.00,0,712964571462
Frag,425657,518824,430401,523582,f,0,4744,0,0,0.00,0.00,0,734439407937
Frag,430402,523583,432741,525922,f,0,2339,1,0,0.00,0.00,0,734439407937
Frag,432742,525923,433450,526639,f,0,708,0,0,0.00,0.00,0,734439407937
Frag,433451,526640,434077,527266,f,0,626,1,0,0.00,0.00,0,734439407937
Frag,434078,527267,434198,527387,f,0,120,0,0,0.00,0.00,0,734439407937
Frag,434199,527388,434753,527948,f,0,554,1,0,0.00,0.00,0,734439407937
Frag,434754,527949,434762,527957,f,0,8,0,0,0.00,0.00,0,734439407937
Frag,434763,527958,436709,529904,f,0,1946,1,0,0.00,0.00,0,734439407937
Frag,436710,529905,436718,529913,f,0,8,0,0,0.00,0.00,0,734439407937
Frag,436719,529914,437402,530597,f,0,683,1,0,0.00,0.00,0,734439407937
Frag,437403,530598,437876,530874,f,0,473,0,0,0.00,0.00,0,734439407937
Frag,437877,530875,438254,531252,f,0,377,1,0,0.00,0.00,0,734439407937
Frag,438255,531253,438808,531313,f,0,553,0,0,0.00,0.00,0,734439407937
Frag,438809,531314,439951,532456,f,0,1142,1,0,0.00,0.00,0,734439407937
Frag,439952,532457,442142,534658,f,0,2190,0,0,0.00,0.00,0,734439407937
Frag,442143,534659,442571,535087,f,0,428,1,0,0.00,0.00,0,734439407937
Frag,442572,535088,442779,535294,f,0,207,0,0,0.00,0.00,0,734439407937
Frag,442780,535295,443448,535963,f,0,668,1,0,0.00,0.00,0,734439407937
Frag,443449,535964,443624,536143,f,0,175,0,0,0.00,0.00,0,734439407937
Frag,443625,536144,445184,537703,f,0,1559,1,0,0.00,0.00,0,734439407937
Frag,445185,537704,445761,540083,f,0,576,0,0,0.00,0.00,0,734439407937
Frag,445762,540084,447771,542093,f,0,2009,1,0,0.00,0.00,0,734439407937
Frag,447773,542095,450604,544926,f,0,2831,1,0,0.00,0.00,0,734439407937
Frag,450605,544927,452129,546449,f,0,1524,0,0,0.00,0.00,0,734439407937
Frag,452130,546450,453233,547553,f,0,1103,1,0,0.00,0.00,0,734439407937
Frag,453234,547554,453995,548336,f,0,761,0,0,0.00,0.00,0,734439407937
Frag,453996,548337,454544,548888,f,0,548,1,0,0.00,0.00,0,734439407937
Frag,454534,548878,455025,549369,f,0,491,1,0,0.00,0.00,0,734439407937
Frag,455026,549370,455399,549744,f,0,373,0,0,0.00,0.00,0,734439407937
Frag,457340,551845,463502,557827,f,0,6162,0,0,0.00,0.00,0,755914244412
Frag,463503,557828,465608,560653,f,0,2105,1,0,0.00,0.00,0,755914244412
Frag,465609,560654,480977,577889,f,0,15368,0,0,0.00,0.00,0,755914244412
Frag,480978,577890,481616,578612,f,0,638,1,0,0.00,0.00,0,755914244412
Frag,481617,578613,485054,581959,f,0,3437,0,0,0.00,0.00,0,755914244412
Frag,485055,581960,485495,582400,f,0,440,1,0,0.00,0.00,0,755914244412
Frag,485496,582401,489435,586339,f,0,3939,0,0,0.00,0.00,0,755914244412
Frag,489436,586340,490164,587068,f,0,728,1,0,0.00,0.00,0,755914244412
Frag,490165,587069,501296,591163,f,0,11131,0,0,0.00,0.00,0,755914244412
Frag,501297,591164,502337,592204,f,0,1040,1,0,0.00,0.00,0,755914244412
Frag,502338,592205,502356,592223,f,0,18,0,0,0.00,0.00,0,755914244412
Frag,501699,593719,502337,594357,f,0,1040,1,0,0.00,0.00,0,777389080887
Frag,502338,594358,502339,594359,f,0,1,0,0,0.00,0.00,0,777389080887
Frag,505176,592370,505221,592415,f,0,45,0,0,0.00,0.00,0,798863917362
Frag,505222,592416,505890,593000,f,0,668,1,0,0.00,0.00,0,798863917362
Frag,505891,593001,506196,593316,f,0,305,0,0,0.00,0.00,0,798863917362
Frag,506197,593317,507237,594357,f,0,1040,1,0,0.00,0.00,0,798863917362
Frag,507238,594358,507299,594419,f,0,61,0,0,0.00,0.00,0,798863917362
Frag,506598,591565,507237,592204,f,0,1040,1,0,0.00,0.00,0,820338753837
Frag,507238,592205,507239,592206,f,0,1,0,0,0.00,0.00,0,820338753837
Frag,507367,594475,508193,595300,f,0,826,0,0,0.00,0.00,0,841813590201
Frag,508194,595301,509030,596137,f,0,836,1,0,0.00,0.00,0,841813590201
Frag,509031,596138,509122,596231,f,0,91,0,0,0.00,0.00,0,841813590201
Frag,509123,596232,510475,597584,f,0,1352,1,0,0.00,0.00,0,841813590201
Frag,510476,597585,510522,597636,f,0,46,0,0,0.00,0.00,0,841813590201
Frag,510523,597637,513510,600615,f,0,2987,1,0,0.00,0.00,0,841813590201
Frag,513511,600616,513576,600688,f,0,65,0,0,0.00,0.00,0,841813590201
Frag,513577,600689,514257,601363,f,0,680,1,0,0.00,0.00,0,841813590201
Frag,514250,601356,515254,602360,f,0,1004,1,0,0.00,0.00,0,841813590201
Frag,515255,602361,517367,604469,f,0,2112,0,0,0.00,0.00,0,841813590201
Frag,517368,604470,518111,605213,f,0,743,1,0,0.00,0.00,0,841813590201
Frag,518112,605214,518225,605326,f,0,113,0,0,0.00,0.00,0,841813590201
Frag,518226,605327,519194,606295,f,0,968,1,0,0.00,0.00,0,841813590201
Frag,519195,606296,521992,609111,f,0,2797,0,0,0.00,0.00,0,841813590201
Frag,521993,609112,523501,610620,f,0,1508,1,0,0.00,0.00,0,841813590201
Frag,523502,610621,524387,611500,f,0,885,0,0,0.00,0.00,0,841813590201
Frag,524388,611501,526091,613204,f,0,1703,1,0,0.00,0.00,0,841813590201
Frag,526092,613205,526166,613272,f,0,74,0,0,0.00,0.00,0,841813590201
Frag,526167,613273,527498,614589,f,0,1331,1,0,0.00,0.00,0,841813590201
Frag,527499,614590,531302,621407,f,0,3803,0,0,0.00,0.00,0,841813590201
Frag,531490,412433,531511,412413,r,0,21,0,0,0.00,0.00,0,863288426727
Frag,531512,412412,532489,411450,r,0,977,1,0,0.00,0.00,0,863288426727
Frag,532490,411449,532996,409396,r,0,506,0,0,0.00,0.00,0,863288426727
Frag,532997,409395,533431,408961,r,0,434,1,0,0.00,0.00,0,863288426727
Frag,533433,408959,533840,408552,r,0,407,1,0,0.00,0.00,0,863288426727
Frag,533841,408551,534397,407993,r,0,556,0,0,0.00,0.00,0,863288426727
Frag,534398,407992,535285,407105,r,0,887,1,0,0.00,0.00,0,863288426727
Frag,535286,407104,535673,406731,r,0,387,0,0,0.00,0.00,0,863288426727
Frag,535674,406730,538412,403998,r,0,2738,1,0,0.00,0.00,0,863288426727
Frag,538413,403997,540525,401884,r,0,2112,0,0,0.00,0.00,0,863288426727
Frag,540526,401883,541230,401179,r,0,704,1,0,0.00,0.00,0,863288426727
Frag,541231,401178,544221,398274,r,0,2990,0,0,0.00,0.00,0,863288426727
Frag,544222,398273,545793,396702,r,0,1571,1,0,0.00,0.00,0,863288426727
Frag,545794,396701,546816,395671,r,0,1022,0,0,0.00,0.00,0,863288426727
Frag,546817,395670,547236,395251,r,0,419,1,0,0.00,0.00,0,863288426727
Frag,547237,395250,547336,395145,r,0,99,0,0,0.00,0.00,0,863288426727
Frag,547337,395144,547939,394542,r,0,602,1,0,0.00,0.00,0,863288426727
Frag,547940,394541,548205,394235,r,0,265,0,0,0.00,0.00,0,863288426727
Frag,548206,394234,548478,393962,r,0,272,1,0,0.00,0.00,0,863288426727
Frag,548479,393961,554836,387477,r,0,6357,0,0,0.00,0.00,0,863288426727
Frag,554837,387476,555445,386868,r,0,608,1,0,0.00,0.00,0,863288426727
Frag,555426,386887,555614,386699,r,0,188,1,0,0.00,0.00,0,863288426727
Frag,555615,386698,555640,386675,r,0,25,0,0,0.00,0.00,0,863288426727
Frag,555641,386674,555991,386324,r,0,350,1,0,0.00,0.00,0,863288426727
Frag,555992,386323,561287,381076,r,0,5295,0,0,0.00,0.00,0,863288426727
Frag,561288,381075,563081,379282,r,0,1793,1,0,0.00,0.00,0,863288426727
Frag,563082,379281,563167,379207,r,0,85,0,0,0.00,0.00,0,863288426727
Frag,563168,379206,564619,377755,r,0,1451,1,0,0.00,0.00,0,863288426727
Frag,564620,377754,564706,377672,r,0,86,0,0,0.00,0.00,0,863288426727
Frag,564707,377671,565438,376940,r,0,731,1,0,0.00,0.00,0,863288426727
Frag,565439,376939,568111,372663,r,0,2672,0,0,0.00,0.00,0,863288426727
Frag,568112,372662,569731,371043,r,0,1619,1,0,0.00,0.00,0,863288426727
Frag,569732,371042,569839,370931,r,0,107,0,0,0.00,0.00,0,863288426727
Frag,569840,370930,571087,369686,r,0,1247,1,0,0.00,0.00,0,863288426727
Frag,571088,369685,571272,369456,r,0,184,0,0,0.00,0.00,0,863288426727
Frag,571273,369455,572244,368484,r,0,971,1,0,0.00,0.00,0,863288426727
Frag,572245,368483,572992,366191,r,0,747,0,0,0.00,0.00,0,863288426727
Frag,572993,366190,573967,365216,r,0,974,1,0,0.00,0.00,0,863288426727
Frag,573968,365215,573984,365197,r,0,16,0,0,0.00,0.00,0,863288426727
Frag,573985,365196,575187,363994,r,0,1202,1,0,0.00,0.00,0,863288426727
Frag,575188,363993,578671,360487,r,0,3483,0,0,0.00,0.00,0,863288426727
Frag,578672,360486,580168,359020,r,0,1496,1,0,0.00,0.00,0,863288426727
Frag,580169,359019,580308,358882,r,0,139,0,0,0.00,0.00,0,863288426727
Frag,580309,358881,581145,358045,r,0,836,1,0,0.00,0.00,0,863288426727
Frag,581147,303049,581983,302558,r,0,836,1,0,0.00,0.00,0,863288426727
Frag,583752,355454,584093,355113,r,0,341,1,0,0.00,0.00,0,863288426727
Frag,584094,355112,584098,355108,r,0,4,0,0,0.00,0.00,0,863288426727
Frag,584099,355107,585814,353392,r,0,1715,1,0,0.00,0.00,0,863288426727
Frag,585815,353391,589932,347591,r,0,4117,0,0,0.00,0.00,0,863288426727
Frag,589933,347590,592035,345488,r,0,2102,1,0,0.00,0.00,0,863288426727
Frag,592036,345487,598410,339116,r,0,6374,0,0,0.00,0.00,0,863288426727
Frag,598411,339115,599112,338414,r,0,701,1,0,0.00,0.00,0,863288426727
Frag,599113,338413,599132,338396,r,0,19,0,0,0.00,0.00,0,863288426727
Frag,599133,338395,600428,337100,r,0,1295,1,0,0.00,0.00,0,863288426727
Frag,600429,337099,600446,337091,r,0,17,0,0,0.00,0.00,0,863288426727
Frag,600447,337090,601115,336422,r,0,668,1,0,0.00,0.00,0,863288426727
Frag,601116,336421,601176,336378,r,0,60,0,0,0.00,0.00,0,863288426727
Frag,601177,336377,601953,335595,r,0,776,1,0,0.00,0.00,0,863288426727
Frag,601954,335594,603205,334381,r,0,1251,0,0,0.00,0.00,0,863288426727
Frag,603206,334380,604111,333475,r,0,905,1,0,0.00,0.00,0,863288426727
Frag,604104,333485,605039,332547,r,0,935,1,0,0.00,0.00,0,863288426727
Frag,605030,332556,605827,331759,r,0,797,1,0,0.00,0.00,0,863288426727
Frag,605828,331758,605996,331585,r,0,168,0,0,0.00,0.00,0,863288426727
Frag,605997,331584,606362,331219,r,0,365,1,0,0.00,0.00,0,863288426727
Frag,606362,331219,607372,330209,r,0,1010,1,0,0.00,0.00,0,863288426727
Frag,607373,330208,607390,330190,r,0,17,0,0,0.00,0.00,0,863288426727
Frag,607391,330189,607792,329788,r,0,401,1,0,0.00,0.00,0,863288426727
Frag,607793,329787,607812,329769,r,0,19,0,0,0.00,0.00,0,863288426727
Frag,607813,329768,608184,329397,r,0,371,1,0,0.00,0.00,0,863288426727
Frag,608185,329396,608318,329262,r,0,133,0,0,0.00,0.00,0,863288426727
Frag,608319,329261,608537,329043,r,0,218,1,0,0.00,0.00,0,863288426727
Frag,608538,329042,608543,329037,r,0,5,0,0,0.00,0.00,0,863288426727
Frag,608544,329036,609293,328287,r,0,749,1,0,0.00,0.00,0,863288426727
Frag,609294,328286,609334,328249,r,0,40,0,0,0.00,0.00,0,863288426727
Frag,609335,328248,609985,327598,r,0,650,1,0,0.00,0.00,0,863288426727
Frag,609979,327604,611460,326126,r,0,1481,1,0,0.00,0.00,0,863288426727
Frag,611461,326125,624061,313565,r,0,12600,0,0,0.00,0.00,0,863288426727
Frag,624062,313564,624496,313130,r,0,434,1,0,0.00,0.00,0,863288426727
Frag,624497,313129,624516,313112,r,0,19,0,0,0.00,0.00,0,863288426727
Frag,624517,313111,625212,312416,r,0,695,1,0,0.00,0.00,0,863288426727
Frag,625213,312415,625214,312414,r,0,1,0,0,0.00,0.00,0,863288426727
Frag,625215,312413,625565,312063,r,0,350,1,0,0.00,0.00,0,863288426727
Frag,625566,312062,625589,312039,r,0,23,0,0,0.00,0.00,0,863288426727
Frag,625590,312038,626129,311499,r,0,539,1,0,0.00,0.00,0,863288426727
Frag,626130,311498,626138,311490,r,0,8,0,0,0.00,0.00,0,863288426727
Frag,626139,311489,626534,311094,r,0,395,1,0,0.00,0.00,0,863288426727
Frag,626535,311093,626723,310905,r,0,188,0,0,0.00,0.00,0,863288426727
Frag,626724,310904,627269,310359,r,0,545,1,0,0.00,0.00,0,863288426727
Frag,627270,310358,627271,310357,r,0,1,0,0,0.00,0.00,0,863288426727
Frag,627272,310356,627598,310030,r,0,326,1,0,0.00,0.00,0,863288426727
Frag,627599,310029,627610,310018,r,0,11,0,0,0.00,0.00,0,863288426727
Frag,627611,310017,627979,309649,r,0,368,1,0,0.00,0.00,0,863288426727
Frag,627980,309648,627982,309646,r,0,2,0,0,0.00,0.00,0,863288426727
Frag,627983,309645,628249,309379,r,0,266,1,0,0.00,0.00,0,863288426727
Frag,628249,309379,628458,309182,r,0,209,1,0,0.00,0.00,0,863288426727
Frag,628458,309182,628883,308757,r,0,425,1,0,0.00,0.00,0,863288426727
Frag,628883,308757,629533,308107,r,0,650,1,0,0.00,0.00,0,863288426727
Frag,629534,308106,629535,308105,r,0,1,0,0,0.00,0.00,0,863288426727
Frag,629536,308104,629880,307760,r,0,344,1,0,0.00,0.00,0,863288426727
Frag,629881,307759,629882,307758,r,0,1,0,0,0.00,0.00,0,863288426727
Frag,629883,307757,630161,307479,r,0,278,1,0,0.00,0.00,0,863288426727
Frag,630161,307479,631006,306634,r,0,845,1,0,0.00,0.00,0,863288426727
Frag,631007,306633,631077,306565,r,0,70,0,0,0.00,0.00,0,863288426727
Frag,631078,306564,631518,306124,r,0,440,1,0,0.00,0.00,0,863288426727
Frag,631518,306124,632420,305174,r,0,902,1,0,0.00,0.00,0,863288426727
Frag,632421,305173,632440,305154,r,0,19,0,0,0.00,0.00,0,863288426727
Frag,632441,305153,633244,304323,r,0,803,1,0,0.00,0.00,0,863288426727
Frag,633245,304322,633299,304270,r,0,54,0,0,0.00,0.00,0,863288426727
Frag,633300,304269,633605,303964,r,0,305,1,0,0.00,0.00,0,863288426727
Frag,633606,303963,634224,303349,r,0,618,0,0,0.00,0.00,0,863288426727
Frag,634225,303348,634500,303073,r,0,275,1,0,0.00,0.00,0,863288426727
Frag,634501,303072,635162,302420,r,0,661,0,0,0.00,0.00,0,863288426727
Frag,635163,302419,636155,301427,r,0,992,1,0,0.00,0.00,0,863288426727
Frag,636156,301426,636240,301342,r,0,84,0,0,0.00,0.00,0,863288426727
Frag,636241,301341,637053,300529,r,0,812,1,0,0.00,0.00,0,863288426727
Frag,637054,300528,637071,300510,r,0,17,0,0,0.00,0.00,0,863288426727
Frag,637890,811262,638069,811441,f,0,1085,1,0,0.00,0.00,0,884763263172
Frag,638360,299144,639058,298434,r,0,698,1,0,0.00,0.00,0,906238099657
Frag,639059,298433,639112,298398,r,0,53,0,0,0.00,0.00,0,906238099657
Frag,639113,298397,639391,298119,r,0,278,1,0,0.00,0.00,0,906238099657
Frag,639392,298118,639397,298113,r,0,5,0,0,0.00,0.00,0,906238099657
Frag,639398,298112,639697,297813,r,0,299,1,0,0.00,0.00,0,906238099657
Frag,639698,297812,639883,297616,r,0,185,0,0,0.00,0.00,0,906238099657
Frag,639884,297615,640150,297349,r,0,266,1,0,0.00,0.00,0,906238099657
Frag,640245,297615,640667,297349,r,0,422,1,0,0.00,0.00,0,906238099657
Frag,640668,297348,641870,295635,r,0,1202,0,0,0.00,0.00,0,906238099657
Frag,641871,295634,642878,294627,r,0,1007,1,0,0.00,0.00,0,906238099657
Frag,642879,294626,643047,294459,r,0,168,0,0,0.00,0.00,0,906238099657
Frag,643048,294458,643260,294246,r,0,212,1,0,0.00,0.00,0,906238099657
Frag,643261,294245,643281,294224,r,0,20,0,0,0.00,0.00,0,906238099657
Frag,643282,294223,643878,293627,r,0,596,1,0,0.00,0.00,0,906238099657
Frag,643879,293626,644161,293330,r,0,282,0,0,0.00,0.00,0,906238099657
Frag,644162,293329,645667,291827,r,0,1505,1,0,0.00,0.00,0,906238099657
Frag,645668,291826,645685,291789,r,0,17,0,0,0.00,0.00,0,906238099657
Frag,645686,291788,647532,289941,r,0,2759,1,0,0.00,0.00,0,906238099657
Frag,649415,281689,649787,282061,f,0,372,0,0,0.00,0.00,0,927712936141
Frag,653588,488443,654864,489719,f,0,1276,0,0,0.00,0.00,0,949187772629
Frag,656283,280937,656299,280922,r,0,16,0,0,0.00,0.00,0,970662609116
Frag,656300,280921,657223,280001,r,0,923,1,0,0.00,0.00,0,970662609116
Frag,657224,280000,659358,277872,r,0,2134,0,0,0.00,0.00,0,970662609116
Frag,657251,279974,661035,275588,r,0,3784,0,0,0.00,0.00,0,992137445755
Frag,661036,275587,663714,272909,r,0,2678,1,0,0.00,0.00,0,992137445755
Frag,663715,272908,664667,270015,r,0,952,0,0,0.00,0.00,0,992137445755
Frag,664668,270014,665222,269460,r,0,554,1,0,0.00,0.00,0,992137445755
Frag,665223,269459,671578,263122,r,0,6355,0,0,0.00,0.00,0,992137445755
Frag,671579,263121,672727,261973,r,0,1148,1,0,0.00,0.00,0,992137445755
Frag,672728,261972,673921,260775,r,0,1193,0,0,0.00,0.00,0,992137445755
Frag,673922,260774,675280,259416,r,0,1358,1,0,0.00,0.00,0,992137445755
Frag,675281,259415,675301,259398,r,0,20,0,0,0.00,0.00,0,992137445755
Frag,675302,259397,676117,258573,r,0,815,1,0,0.00,0.00,0,992137445755
Frag,676118,258572,676591,258085,r,0,473,0,0,0.00,0.00,0,992137445755
Frag,676592,258084,677593,257083,r,0,1001,1,0,0.00,0.00,0,992137445755
Frag,677594,257082,677812,256870,r,0,218,0,0,0.00,0.00,0,992137445755
Frag,677813,256869,678997,255685,r,0,1184,1,0,0.00,0.00,0,992137445755
Frag,678998,255684,680232,253103,r,0,1234,0,0,0.00,0.00,0,992137445755
Frag,680987,924674,681171,924858,f,0,1358,1,0,0.00,0.00,0,1013612282083
Frag,681998,249894,682371,249521,r,0,1214,1,0,0.00,0.00,0,1035087118568
Frag,683061,791031,683075,791045,f,0,14,0,0,0.00,0.00,0,1052266987757
Frag,683076,791046,685121,793088,f,0,2045,1,0,0.00,0.00,0,1052266987757
Frag,685122,793089,687402,795375,f,0,2280,0,0,0.00,0.00,0,1052266987757
Frag,687403,795376,687873,795846,f,0,470,1,0,0.00,0.00,0,1052266987757
Frag,687874,795847,687903,795876,f,0,29,0,0,0.00,0.00,0,1052266987757
Frag,687904,795877,688317,796290,f,0,413,1,0,0.00,0.00,0,1052266987757
Frag,688318,796291,689894,797865,f,0,1576,0,0,0.00,0.00,0,1052266987757
Frag,689895,797866,691508,799479,f,0,1613,1,0,0.00,0.00,0,1052266987757
Frag,691509,799480,694478,804415,f,0,2969,0,0,0.00,0.00,0,1052266987757
Frag,694479,804416,696311,806248,f,0,1832,1,0,0.00,0.00,0,1052266987757
Frag,696312,806249,696322,806258,f,0,10,0,0,0.00,0.00,0,1052266987757
Frag,696323,806259,698107,808043,f,0,1784,1,0,0.00,0.00,0,1052266987757
Frag,698108,808044,707503,810214,f,0,9395,0,0,0.00,0.00,0,1052266987757
Frag,707504,810215,707749,810460,f,0,245,1,0,0.00,0.00,0,1052266987757
Frag,707750,810461,707751,810462,f,0,1,0,0,0.00,0.00,0,1052266987757
Frag,708350,299910,708520,299740,r,0,1088,1,0,0.00,0.00,0,1073741824242
Frag,709532,814505,711977,814574,f,0,2445,0,0,0.00,0.00,0,1095216660727
Frag,711978,814575,719981,822587,f,0,8003,1,0,0.00,0.00,0,1095216660727
Frag,719982,822588,720131,822742,f,0,149,0,0,0.00,0.00,0,1095216660727
Frag,720132,822743,724568,827179,f,0,4436,1,0,0.00,0.00,0,1095216660727
Frag,724561,827172,728196,830807,f,0,3635,1,0,0.00,0.00,0,1095216660727
Frag,728197,830808,733558,832032,f,0,5361,0,0,0.00,0.00,0,1095216660727
Frag,733559,832033,733930,832404,f,0,371,1,0,0.00,0.00,0,1095216660727
Frag,733931,832405,733956,832430,f,0,25,0,0,0.00,0.00,0,1095216660727
Frag,733957,832431,734460,832934,f,0,503,1,0,0.00,0.00,0,1095216660727
Frag,734461,832935,735484,834153,f,0,1023,0,0,0.00,0.00,0,1095216660727
Frag,735485,834154,736954,835623,f,0,1469,1,0,0.00,0.00,0,1095216660727
Frag,736955,835624,738043,836711,f,0,1088,0,0,0.00,0.00,0,1095216660727
Frag,738044,836712,740206,838871,f,0,2162,1,0,0.00,0.00,0,1095216660727
Frag,740207,838872,740334,839017,f,0,127,0,0,0.00,0.00,0,1095216660727
Frag,740335,839018,742497,841186,f,0,2162,1,0,0.00,0.00,0,1095216660727
Frag,742498,841187,742627,845933,f,0,129,0,0,0.00,0.00,0,1095216660727
Frag,742628,845934,742918,846224,f,0,290,1,0,0.00,0.00,0,1095216660727
Frag,742919,846225,743594,846900,f,0,675,0,0,0.00,0.00,0,1095216660727
Frag,743595,846901,743945,847251,f,0,350,1,0,0.00,0.00,0,1095216660727
Frag,743946,847252,743992,847406,f,0,46,0,0,0.00,0.00,0,1095216660727
Frag,743993,847407,744832,848246,f,0,839,1,0,0.00,0.00,0,1095216660727
Frag,744833,848247,745068,848313,f,0,235,0,0,0.00,0.00,0,1095216660727
Frag,745069,848314,747873,851286,f,0,2804,1,0,0.00,0.00,0,1095216660727
Frag,747874,851287,747959,851360,f,0,85,0,0,0.00,0.00,0,1095216660727
Frag,747960,851361,749669,853073,f,0,1709,1,0,0.00,0.00,0,1095216660727
Frag,749670,853074,749714,853117,f,0,44,0,0,0.00,0.00,0,1095216660727
Frag,749715,853118,750581,853984,f,0,866,1,0,0.00,0.00,0,1095216660727
Frag,750582,853985,751089,854489,f,0,507,0,0,0.00,0.00,0,1095216660727
Frag,751090,854490,751821,855221,f,0,731,1,0,0.00,0.00,0,1095216660727
Frag,751823,855223,752707,856107,f,0,884,1,0,0.00,0.00,0,1095216660727
Frag,752682,856082,753335,856735,f,0,653,1,0,0.00,0.00,0,1095216660727
Frag,753336,856736,753352,856744,f,0,16,0,0,0.00,0.00,0,1095216660727
Frag,753353,856745,753838,857233,f,0,485,1,0,0.00,0.00,0,1095216660727
Frag,753838,857233,754122,857517,f,0,284,1,0,0.00,0.00,0,1095216660727
Frag,754123,857518,754224,857615,f,0,101,0,0,0.00,0.00,0,1095216660727
Frag,754225,857616,756033,859424,f,0,1808,1,0,0.00,0.00,0,1095216660727
Frag,756034,859425,756086,859475,f,0,52,0,0,0.00,0.00,0,1095216660727
Frag,756087,859476,757148,860537,f,0,1061,1,0,0.00,0.00,0,1095216660727
Frag,757149,860538,765747,865798,f,0,8598,0,0,0.00,0.00,0,1095216660727
Frag,766797,482706,766996,482905,f,0,199,0,0,0.00,0.00,0,1116691497212
Frag,771419,684229,771841,684651,f,0,995,1,0,0.00,0.00,0,1133871366399
Frag,773274,876251,777128,880121,f,0,3854,0,0,0.00,0.00,0,1155346202884
Frag,777129,880122,777866,880859,f,0,737,1,0,0.00,0.00,0,1155346202884
Frag,777867,880860,777868,880861,f,0,1,0,0,0.00,0.00,0,1155346202884
Frag,777869,880862,778681,881674,f,0,812,1,0,0.00,0.00,0,1155346202884
Frag,778682,881675,779702,882691,f,0,1020,0,0,0.00,0.00,0,1155346202884
Frag,779703,882692,780626,883615,f,0,923,1,0,0.00,0.00,0,1155346202884
Frag,780627,883616,780657,883660,f,0,30,0,0,0.00,0.00,0,1155346202884
Frag,780658,883661,781998,884983,f,0,1340,1,0,0.00,0.00,0,1155346202884
Frag,781999,884984,782041,885025,f,0,42,0,0,0.00,0.00,0,1155346202884
Frag,782042,885026,782941,885925,f,0,899,1,0,0.00,0.00,0,1155346202884
Frag,782942,885926,782949,885933,f,0,7,0,0,0.00,0.00,0,1155346202884
Frag,782950,885934,783954,886941,f,0,1004,1,0,0.00,0.00,0,1155346202884
Frag,783955,886942,784003,886990,f,0,48,0,0,0.00,0.00,0,1155346202884
Frag,784004,886991,784576,887563,f,0,572,1,0,0.00,0.00,0,1155346202884
Frag,784579,887565,784959,887945,f,0,380,1,0,0.00,0.00,0,1155346202884
Frag,784960,887946,785237,890582,f,0,277,0,0,0.00,0.00,0,1155346202884
Frag,785238,890583,786368,891707,f,0,1130,1,0,0.00,0.00,0,1155346202884
Frag,786369,891708,788000,893343,f,0,1631,0,0,0.00,0.00,0,1155346202884
Frag,790137,895866,790141,895867,f,0,4,0,0,0.00,0.00,0,1176821039369
Frag,790142,895868,790762,896491,f,0,620,1,0,0.00,0.00,0,1176821039369
Frag,790763,896492,794162,899901,f,0,3399,0,0,0.00,0.00,0,1176821039369
Frag,794163,899902,794780,900519,f,0,617,1,0,0.00,0.00,0,1176821039369
Frag,794781,900520,795983,901738,f,0,1202,0,0,0.00,0.00,0,1176821039369
Frag,795984,901739,797654,903412,f,0,1670,1,0,0.00,0.00,0,1176821039369
Frag,797655,903413,799483,905175,f,0,1828,0,0,0.00,0.00,0,1176821039369
Frag,799484,905176,800386,906078,f,0,902,1,0,0.00,0.00,0,1176821039369
Frag,800386,906078,801033,906725,f,0,647,1,0,0.00,0.00,0,1176821039369
Frag,801034,906726,801049,906739,f,0,15,0,0,0.00,0.00,0,1176821039369
Frag,801050,906740,801637,907327,f,0,587,1,0,0.00,0.00,0,1176821039369
Frag,801638,907328,801946,907636,f,0,308,0,0,0.00,0.00,0,1176821039369
Frag,801947,907637,803791,909487,f,0,1844,1,0,0.00,0.00,0,1176821039369
Frag,803792,909488,804831,912066,f,0,1039,0,0,0.00,0.00,0,1176821039369
Frag,804832,912067,806328,913563,f,0,1496,1,0,0.00,0.00,0,1176821039369
Frag,806329,913564,806330,913565,f,0,1,0,0,0.00,0.00,0,1176821039369
Frag,806331,913566,807230,914465,f,0,899,1,0,0.00,0.00,0,1176821039369
Frag,807231,914466,808383,915592,f,0,1152,0,0,0.00,0.00,0,1176821039369
Frag,809568,916780,809570,916791,f,0,2,0,0,0.00,0.00,0,1198295875854
Frag,809571,916792,810485,917697,f,0,914,1,0,0.00,0.00,0,1198295875854
Frag,810486,917698,810523,917735,f,0,37,0,0,0.00,0.00,0,1198295875854
Frag,810524,917736,811160,918372,f,0,656,1,0,0.00,0.00,0,1198295875854
Frag,808384,915594,809580,916790,f,0,1196,0,0,0.00,0.00,0,1219770712339
Frag,811164,918372,811180,918392,f,0,656,1,0,0.00,0.00,0,1236950581527
Frag,811181,918393,811311,918532,f,0,130,0,0,0.00,0.00,0,1236950581527
Frag,811312,918533,811824,919045,f,0,512,1,0,0.00,0.00,0,1236950581527
Frag,811825,919046,811852,919073,f,0,27,0,0,0.00,0.00,0,1236950581527
Frag,811853,919074,813658,920879,f,0,1805,1,0,0.00,0.00,0,1236950581527
Frag,813637,920858,813948,921160,f,0,311,1,0,0.00,0.00,0,1236950581527
Frag,813923,921144,815557,922778,f,0,1634,1,0,0.00,0.00,0,1236950581527
Frag,815558,922779,816158,923371,f,0,600,0,0,0.00,0.00,0,1236950581527
Frag,816159,923372,816731,923944,f,0,572,1,0,0.00,0.00,0,1236950581527
Frag,816732,923945,816767,923980,f,0,35,0,0,0.00,0.00,0,1236950581527
Frag,818201,925414,818312,928736,f,0,111,0,0,0.00,0.00,0,1254130450715
Frag,818313,928737,819320,929744,f,0,1007,1,0,0.00,0.00,0,1254130450715
Frag,819321,929745,819335,929759,f,0,14,0,0,0.00,0.00,0,1254130450715
Frag,821224,937184,822014,936940,r,0,790,0,0,0.00,0.00,0,1275605287200
Frag,823547,946310,823607,946250,r,0,60,0,0,0.00,0.00,0,1297080123685
Frag,827697,948401,827707,948411,f,0,10,0,0,0.00,0.00,0,1318554960055
Frag,827708,948412,828457,949161,f,0,749,1,0,0.00,0.00,0,1318554960055
Frag,828458,949162,828794,949559,f,0,336,0,0,0.00,0.00,0,1318554960055
Frag,828795,949560,830639,951404,f,0,1844,1,0,0.00,0.00,0,1318554960055
Frag,830640,951405,836575,957335,f,0,5935,0,0,0.00,0.00,0,1318554960055
Frag,836576,957336,837889,958649,f,0,1313,1,0,0.00,0.00,0,1318554960055
Frag,837889,958649,838194,958954,f,0,305,1,0,0.00,0.00,0,1318554960055
Frag,838195,958955,838199,958959,f,0,4,0,0,0.00,0.00,0,1318554960055
Frag,838200,958960,839054,959814,f,0,854,1,0,0.00,0.00,0,1318554960055
Frag,839055,959815,839065,959825,f,0,10,0,0,0.00,0.00,0,1318554960055
Frag,839066,959826,839644,960404,f,0,578,1,0,0.00,0.00,0,1318554960055
Frag,839634,960394,840395,961155,f,0,761,1,0,0.00,0.00,0,1318554960055
Frag,840388,961148,841128,961888,f,0,740,1,0,0.00,0.00,0,1318554960055
Frag,841129,961889,841137,961897,f,0,8,0,0,0.00,0.00,0,1318554960055
Frag,841138,961898,841452,962212,f,0,314,1,0,0.00,0.00,0,1318554960055
Frag,841453,962213,842915,963698,f,0,1462,0,0,0.00,0.00,0,1318554960055
Frag,842916,963699,843581,964364,f,0,665,1,0,0.00,0.00,0,1318554960055
Frag,843582,964365,845753,965183,f,0,2171,0,0,0.00,0.00,0,1318554960055
Frag,845754,965184,846884,966317,f,0,1130,1,0,0.00,0.00,0,1318554960055
Frag,846885,966318,847123,966554,f,0,238,0,0,0.00,0.00,0,1318554960055
Frag,847124,966555,847465,966896,f,0,341,1,0,0.00,0.00,0,1318554960055
Frag,847466,966897,848880,970290,f,0,1414,0,0,0.00,0.00,0,1318554960055
Frag,848881,970291,849483,970893,f,0,602,1,0,0.00,0.00,0,1318554960055
Frag,849484,970894,851607,973013,f,0,2123,0,0,0.00,0.00,0,1318554960055
Frag,851608,973014,852684,974090,f,0,1076,1,0,0.00,0.00,0,1318554960055
Frag,852685,974091,852836,974808,f,0,151,0,0,0.00,0.00,0,1318554960055
Frag,852837,974809,854258,976230,f,0,1421,1,0,0.00,0.00,0,1318554960055
Frag,854259,976231,854458,976428,f,0,199,0,0,0.00,0.00,0,1318554960055
Frag,854800,761603,854990,761413,r,0,190,0,0,0.00,0.00,0,1340029796530
Frag,854777,976745,856265,978233,f,0,1967,1,0,0.00,0.00,0,1361504633005
Frag,855813,760611,856163,760261,r,0,350,0,0,0.00,0.00,0,1382979469480
Frag,857427,982111,857441,982125,f,0,14,0,0,0.00,0.00,0,1404454305955
Frag,857442,982126,858401,983085,f,0,959,1,0,0.00,0.00,0,1404454305955
Frag,858402,983086,858590,983280,f,0,188,0,0,0.00,0.00,0,1404454305955
Frag,858591,983281,858986,983676,f,0,395,1,0,0.00,0.00,0,1404454305955
Frag,858987,983677,859197,985216,f,0,210,0,0,0.00,0.00,0,1404454305955
Frag,859198,985217,861906,987925,f,0,2708,1,0,0.00,0.00,0,1404454305955
Frag,861907,987926,862028,988044,f,0,121,0,0,0.00,0.00,0,1404454305955
Frag,862029,988045,863102,989133,f,0,1073,1,0,0.00,0.00,0,1404454305955
Frag,863103,989134,863109,989139,f,0,6,0,0,0.00,0.00,0,1404454305955
Frag,863110,989140,871281,997266,f,0,8171,1,0,0.00,0.00,0,1404454305955
Frag,871282,997267,871463,997446,f,0,181,0,0,0.00,0.00,0,1404454305955
Frag,871464,997447,873491,999477,f,0,2027,1,0,0.00,0.00,0,1404454305955
Frag,873492,999478,873561,999547,f,0,69,0,0,0.00,0.00,0,1404454305955
Frag,873562,999548,874422,1000408,f,0,860,1,0,0.00,0.00,0,1404454305955
Frag,874422,1000408,874988,1000974,f,0,566,1,0,0.00,0.00,0,1404454305955
Frag,874988,1000974,877258,1003244,f,0,2270,1,0,0.00,0.00,0,1404454305955
Frag,877259,1003245,877429,1003403,f,0,170,0,0,0.00,0.00,0,1404454305955
CSB,0,8,172891,185035,f,317827580006,172891,255863,0,0.00,0.00,0,206158430256
CSB,174172,198040,174566,197646,r,339302416486,394,1108,0,0.00,0.00,0,227633266741
CSB,175013,187680,190192,207120,f,360777252966,15179,19361,0,0.00,0.00,0,249108103226
CSB,194304,780328,194480,780152,r,382252089446,176,348,0,0.00,0.00,0,270582939711
CSB,191043,788371,194607,784807,r,403726925926,3564,10680,0,0.00,0.00,0,292057776196
CSB,203951,769900,213405,760450,r,12884901990,9454,25028,0,0.00,0.00,0,313532612681
CSB,212251,976768,213874,978409,f,438086664294,1623,956,0,0.00,0.00,0,335007449166
CSB,214654,759202,266862,686904,r,459561500774,52208,89255,0,0.00,0.00,0,356482285651
CSB,269559,874348,269879,874028,r,42949673062,320,532,0,0.00,0.00,0,373662154840
CSB,271705,682070,325711,621561,r,498216206438,54006,90359,0,0.00,0.00,0,395136991325
CSB,325798,416095,345365,435628,f,519691042930,19567,11716,0,0.00,0.00,0,416611828108
CSB,349833,513703,352332,517165,f,541165879410,2499,821,0,0.00,0.00,0,438086664583
CSB,352427,442691,373471,463851,f,562640715890,21044,60080,0,0.00,0.00,0,459561501058
CSB,373469,463853,373585,463969,f,575525617778,116,220,0,0.00,0.00,0,476741370238
CSB,373596,491056,374885,492432,f,111669149810,1289,837,0,0.00,0.00,0,498216206712
CSB,375165,465554,386289,479737,f,614180323442,11124,19888,0,0.00,0.00,0,519691043187
CSB,388392,481630,388569,481809,f,635655159922,177,508,0,0.00,0.00,0,541165879662
CSB,395446,480985,396024,481556,f,657129996402,578,973,0,0.00,0.00,0,562640716137
CSB,396103,894468,397171,895537,f,674309865586,1068,1164,0,0.00,0.00,0,584115552612
CSB,397368,211180,397651,210889,r,695784702066,283,304,0,0.00,0.00,0,605590389087
CSB,397804,551088,398247,551531,f,712964571250,443,1,0,0.00,0.00,0,627065225562
CSB,405369,503111,412584,508864,f,734439407730,7215,1400,0,0.00,0.00,0,648540062037
CSB,417422,440095,417945,440612,f,755914244210,523,217,0,0.00,0.00,0,670014898512
CSB,419520,515799,422418,518711,f,777389080690,2898,12480,0,0.00,0.00,0,691489734987
CSB,425191,552427,425371,552607,f,30064771186,180,516,0,0.00,0.00,0,712964571462
CSB,425657,518824,455399,549744,f,816043786354,29742,72644,0,0.00,0.00,0,734439407937
CSB,457340,551845,502356,592223,f,837518622834,45016,52712,0,0.00,0.00,0,755914244412
CSB,501699,593719,502339,594359,f,858993459314,640,796,0,0.00,0.00,0,777389080887
CSB,505176,592370,507299,594419,f,880468295794,2123,7832,0,0.00,0.00,0,798863917362
CSB,506598,591565,507239,592206,f,901943132274,641,752,0,0.00,0.00,0,820338753837
CSB,507367,594475,531302,621407,f,923417968742,23935,51313,0,0.00,0.00,0,841813590201
CSB,531490,412433,637071,300510,r,940597837926,105581,198391,0,0.00,0.00,0,863288426727
CSB,637890,811262,638069,811441,f,962072674406,179,312,0,0.00,0.00,0,884763263172
CSB,638358,299145,647532,289941,r,983547510886,9174,17621,0,0.00,0.00,0,906238099657
CSB,649415,281689,649787,282061,f,1005022347366,372,820,0,0.00,0.00,0,927712936141
CSB,653588,488443,654864,489719,f,1026497183846,1276,1524,0,0.00,0.00,0,949187772629
CSB,656283,280937,659358,277872,r,64424509542,3075,2613,0,0.00,0.00,0,970662609116
CSB,657251,279974,680232,253103,r,1060856922214,22981,31465,0,0.00,0.00,0,992137445755
CSB,680987,924674,681171,924858,f,1078036791398,184,236,0,0.00,0.00,0,1013612282083
CSB,681998,249894,682371,249521,r,1095216660582,373,816,0,0.00,0.00,0,1035087118568
CSB,683061,791031,707751,810462,f,1116691497062,24690,39333,0,0.00,0.00,0,1052266987757
CSB,708350,299910,708520,299740,r,1138166333542,170,308,0,0.00,0.00,0,1073741824242
CSB,709532,814505,765747,865798,f,1159641170022,56215,75597,0,0.00,0.00,0,1095216660727
CSB,766797,482706,766996,482905,f,1181116006502,199,1,0,0.00,0.00,0,1116691497212
CSB,771419,684229,771841,684651,f,1198295875686,422,428,0,0.00,0.00,0,1133871366399
CSB,773274,876251,788000,893343,f,1219770712166,14726,28028,0,0.00,0.00,0,1155346202884
CSB,790137,895866,808383,915592,f,1241245548646,18246,28401,0,0.00,0.00,0,1176821039369
CSB,809568,916780,811160,918372,f,1262720385126,1592,3772,0,0.00,0.00,0,1198295875854
CSB,808384,915594,809580,916790,f,1284195221606,1196,2816,0,0.00,0.00,0,1219770712339
CSB,811164,918372,816767,923980,f,1301375090790,5603,2024,0,0.00,0.00,0,1236950581527
CSB,818201,925414,819335,929759,f,1327144894566,1134,3056,0,0.00,0.00,0,1254130450715
CSB,821224,937184,822014,936940,r,73014444134,790,436,0,0.00,0.00,0,1275605287200
CSB,823547,946310,823607,946250,r,1365799600230,60,245,0,0.00,0.00,0,1297080123685
CSB,827697,948401,854458,976428,f,1387274436722,26761,57992,0,0.00,0.00,0,1318554960055
CSB,854800,761603,854990,761413,r,1408749273202,190,228,0,0.00,0.00,0,1340029796530
CSB,854777,976745,856265,978233,f,1430224109682,1488,5620,0,0.00,0.00,0,1361504633005
CSB,855813,760611,856163,760261,r,1451698946162,350,476,0,0.00,0.00,0,1382979469480
CSB,857427,982111,877429,1003403,f,1468878815346,20002,44296,0,0.00,0.00,0,1404454305955
